model,n_rows,mixed_overall_em,single_baseline_em,cross_modal_delta_em,mixed_tab_ts_em,mixed_tab_graph_em,mixed_ts_graph_em,difficulty_1_hop_em,difficulty_2_hop_em,difficulty_3_hop_em,difficulty_counterfactual_em
claude,3000,0.013333333333333334,0.26825006825006825,-0.25491673491673494,0.04,0.0,0.0,0.022222222222222223,0.022222222222222223,0.0,0.0
gemini,3000,0.434,0.3623805623805624,0.07161943761943762,0.585,0.297,0.42,0.4888888888888889,0.26666666666666666,0.5493333333333333,0.4666666666666667
gpt4o,3000,0.3546666666666667,0.34408954408954406,0.010577122577122622,0.515,0.329,0.22,0.3622222222222222,0.15666666666666668,0.308,0.8133333333333334
qwen,3000,0.5583333333333333,0.3237783237783238,0.23455500955500957,0.845,0.365,0.465,0.6222222222222222,0.3111111111111111,0.6333333333333333,0.8
